,drug,outcome,data_type,val_auroc,test_auroc_mean,test_auroc_ci,test_auprc_mean,test_auprc_ci
0,ib,OS,comb,0.7004680063458488,0.6040616246498599,0.5625808344113096-0.6455424148884102,0.8172797999067741,0.7845026442619304-0.8500569555516179
0,ib,OS,comb,0.6984611316763617,0.6264705882352942,0.5854402265773708-0.6675009498932176,0.8175711680006271,0.7848143187245693-0.8503280172766849
0,ib,OS,mut,0.6981597038603914,0.6193277310924369,0.5781437350570686-0.6605117271278051,0.8159279426435955,0.7830569789794659-0.848798906307725
0,ib,OS,act,0.6985007932310946,0.6008403361344538,0.5593023474015684-0.6423783248673391,0.8008621118690145,0.766989520538182-0.8347347031998469
