,fold,val_auroc_mean,val_auroc_ci,test_auroc_mean,test_auroc_ci,test_auprc_mean,test_auprc_ci
0,0,0.565625496031746,0.5126916117182663-0.6185593803452256,0.552359693877551,0.5150891628146086-0.5896302249404934,0.4881256024605966,0.4506595879969182-0.525591616924275
1,1,0.5970842281356987,0.5142768718142547-0.6798915844571427,0.5361207006776627,0.4987420359268496-0.5734993654284758,0.48633488912137934,0.4488723036853159-0.5237974745574427
2,2,0.5669088079676314,0.5011354269844672-0.6326821889507956,0.5090141925584963,0.47154369897342957-0.5464846861435632,0.4413920155320167,0.4041737778740764-0.478610253189957
3,3,0.5722413340336134,0.4849837501521379-0.659498917915089,0.4752647894600878,0.43772850423837173-0.5128010746818039,0.43848854514089386,0.40119172525547164-0.4757853650263161
4,4,0.5926009422065717,0.5055726481017878-0.6796292363113555,0.567553603719969,0.5303158949735856-0.6047913124663524,0.5285690069562271,0.4910481041686159-0.5660899097438383
