,fold,val_auroc_mean,val_auroc_ci,test_auroc_mean,test_auroc_ci,test_auprc_mean,test_auprc_ci
0,0,0.5692713293650794,0.5045510832862536-0.6339915754439052,0.5357780612244898,0.49839754518457663-0.573158577264403,0.4659190354460065,0.4285296113678845-0.5033084595241285
1,1,0.5948240351696235,0.5374082395738138-0.6522398307654331,0.5425137450453905,0.5051728780843021-0.5798546120064789,0.4927843000198602,0.4553116183094209-0.5302569817302994
2,2,0.5700410830999066,0.47536869375287055-0.6647134724469427,0.501342539317223,0.4638660899641508-0.5388189886702951,0.4676358603787839,0.4302378670970899-0.5050338536604779
3,3,0.5722413340336134,0.4849837501521379-0.659498917915089,0.4752647894600878,0.43772850423837173-0.5128010746818039,0.43848854514089386,0.40119172525547164-0.4757853650263161
4,4,0.5918954769325941,0.5080414599893146-0.6757494938758737,0.5616119865667786,0.5243161041876647-0.5989078689458924,0.510724771442392,0.4731511165238094-0.5482984263609746
