,drug,outcome,data_type,val_auroc,test_auroc_mean,test_auroc_ci,test_auprc_mean,test_auprc_ci
0,ib,PFS,mut,0.5361819143310418,0.5947395301327886,0.5521694268328898-0.6373096334326873,0.7599606455047022,0.722925764284651-0.7969955267247534
0,ib,OS,mut,0.5361819143310418,0.5441176470588235,0.501873611830644-0.5863616822870029,0.806293466593827,0.7727729035585649-0.839814029629089
0,ib,PFS,comb,0.7422554204124803,0.5288559754851889,0.48557273864262007-0.5721392123277578,0.7032273773782982,0.6636147196188591-0.7428400351377373
0,ib,OS,act,0.74932575356954,0.596078431372549,0.5544593178345293-0.6376975449105687,0.8734516348335988,0.8452522067512162-0.9016510629159814
0,ib,PFS,act,0.74932575356954,0.549923391215526,0.5067845477898868-0.5930622346411653,0.7561686109708912,0.7189355871101588-0.7934016348316235
