,drug,outcome,data_type,val_auroc,test_auroc_mean,test_auroc_ci,test_auprc_mean,test_auprc_ci
0,ib,OS,mut,0.3751573241671074,0.576610644257703,0.534701972640282-0.6185193158751241,0.7819372995466288,0.7469130161798693-0.8169615829133884
0,ib,PFS,comb,0.6972025383395029,0.5317926455566905,0.4885248809240617-0.5750604101893193,0.6799362323013112,0.6394854869523404-0.7203869776502819
0,ib,OS,act,0.7286964569011106,0.5700280112044818,0.5280365700033365-0.612019452405627,0.8375677050891673,0.8062825183399397-0.868852891838395
0,ib,PFS,mut,0.3718786356425171,0.4662921348314607,0.42303527133800367-0.5095489983249177,0.6721819364357939,0.6314782223966475-0.7128856504749403
0,ib,PFS,act,0.7286964569011106,0.5671603677221655,0.5241977607067669-0.610122974737564,0.7117372574252222,0.672461163774421-0.7510133510760234
