,drug,outcome,data_type,val_auroc,test_auroc_mean,test_auroc_ci,test_auprc_mean,test_auprc_ci
0,ib,OS,comb,0.7795345201910552,0.5462184873949579,0.5039906153706127-0.5884463594193031,0.806681789331311,0.7731867794922465-0.8401767991703755
0,ib,OS,mut,0.7276216798776248,0.5701680672268907,0.5281783080830059-0.6121578263707755,0.8090100050954171,0.7756692942720389-0.8423507159187953
0,ib,OS,act,0.7403022367703219,0.5137254901960784,0.471332025676783-0.5561189547153738,0.785271488619172,0.7504419780831356-0.8201009991552083
0,ib,OS,mut,0.7326350732600732,0.5637254901960784,0.5216618982303476-0.6057890821618093,0.801127583688688,0.7672719678785518-0.8349831994988242
0,ib,PFS,comb,0.7903277591973243,0.4931052093973442,0.4497538331964047-0.5364565855982837,0.6572240925495944,0.6160678174160032-0.6983803676831855
0,ib,PFS,act,0.7780592662596953,0.4766343207354444,0.4333261884326923-0.5199424530381964,0.6703988341690371,0.629638740413488-0.7111589279245862
0,ib,OS,act,0.7376445764244643,0.515686274509804,0.4732977036333323-0.5580748453862756,0.7826944335538932,0.7477140837527082-0.8176747833550783
